﻿קובץ,תיאור,גודל,תכונות,חשיבות
app.py,הקובץ הראשי של האפליקציה - שרת Flask עם כל הנתיבים והלוגיקה,~15KB,"Routes, API endpoints, נתונים בזיכרון, הזמנת תורים, ממשק בעל עסק",קריטי - הלב של האפליקציה
requirements.txt,רשימת כל החבילות הנדרשות להפעלת האפליקציה,~200B,"Flask, Werkzeug, Jinja2, חבילות נוספות",קריטי - נדרש להתקנה
templates/base.html,"תבנית הבסיס לכל דפי האפליקציה - Header, Footer, Modal",~8KB,"Header נקי, Bottom Nav, Modal הזמנה, Loading Screen",קריטי - בסיס לכל הדפים
templates/index.html,דף הבית עם המלצות מותאמות אישית וקטגוריות,~6KB,"המלצות חכמות, קטגוריות, חיפוש, JavaScript לבוקינג",גבוהה - דף הכניסה לאפליקציה
templates/profile.html,דף האזור האישי עם כל התפריט והאפשרויות,~4KB,"פרופיל משתמש, תפריט מלא, קישורים לכל הדפים",גבוהה - מרכז השליטה של המשתמש
static/css/style.css,עיצוב נקי ומינימליסטי בסגנון Wolt,~25KB,"עיצוב Mobile-First, אנימציות, צבעי תכלת ולבן, רספונסיבי",קריטי - המראה של האפליקציה
README.md,"מדריך מלא להתקנה, הפעלה ושימוש באפליקציה",~5KB,"הוראות התקנה, מבנה קבצים, פתרון בעיות, רעיונות לפיתוח",גבוהה - חיוני למפתחים
